{
  "accuracy": 0.41,
  "f1": 0.2376545684810763,
  "n_train": 150,
  "n_test": 100,
  "label_col": "label_final",
  "saved_at": "2026-03-19T20:18:30.729278+00:00"
}